{"count":1,"gauges":{},"self":5.8772231999999995,"total":5.901127,"children":{"AgentResetIfDone":{"count":251,"self":0.003168,"total":0.003168,"children":null},"AgentSendState":{"count":251,"self":0.0038299999999999996,"total":0.006761,"children":{"CollectObservations":{"count":504,"self":0.002931,"total":0.002931,"children":null}}},"DecideAction":{"count":251,"self":0.002908,"total":0.002908,"children":null},"AcademyStep":{"count":251,"self":0.00062599999999999993,"total":0.00062599999999999993,"children":null},"AgentAct":{"count":251,"self":0.0092249999999999988,"total":0.0092249999999999988,"children":null}}}